Workbook

Sheet Risk Register
A1: Risk ID | B1: Asset | C1: Threat | D1: Vulnerability | E1: Likelihood (1-5) | F1: Impact (1-5) | G1: Risk Score (L×I) | H1: Treatment | I1: Owner | J1: Status
A2: R001 | B2: Email System | C2: Phishing Attack | D2: Employees unaware of phishing tactics, no email filtering | E2: 4 | F2: 4 | G2: =E2*F2 -> 16 | H2: Mitigate | I2: CISO | J2: In Progress
A3: R002 | B3: Database | C3: Unauthorized Access | D3: No PAM system, shared admin passwords, no access logging | E3: 4 | F3: 4 | G3: =E3*F3 -> 16 | H3: Mitigate | I3: CTO | J3: Not Started
A4: R003 | B4: Web Servers | C4: Unpatched Vulnerability | D4: No patch management process, servers updated manually | E4: 4 | F4: 3 | G4: =E4*F4 -> 12 | H4: Mitigate | I4: DevOps Lead | J4: In Progress
A5: R004 | B5: Customer Data | C5: Data Breach via Vendor | D5: Third-party vendors have access, no agreements or monitoring | E5: 3 | F5: 5 | G5: =E5*F5 -> 15 | H5: Mitigate | I5: CISO | J5: Not Started
A6: R005 | B6: All Systems | C6: Insider Threat/Data Theft | D6: Disgruntled employee with system access steals data | E6: 2 | F6: 5 | G6: =E6*F6 -> 10 | H6: Accept | I6: HR Manager | J6: Monitored
A7: R006 | B7: Web Service | C7: DDoS Attack | D7: No DDoS protection, service goes down if attacked | E7: 2 | F7: 4 | G7: =E7*F7 -> 8 | H7: Mitigate | I7: Infrastructure | J7: Not Started
A8: R007 | B8: Web Application | C8: Missing Security Headers | D8: XSS/Clickjacking vulnerabilities from missing headers | E8: 3 | F8: 3 | G8: =E8*F8 -> 9 | H8: Mitigate | I8: Dev Team | J8: In Progress
A9: R008 | B9: User Accounts | C9: Weak Password Policy | D9: No password complexity requirements, easy to crack | E9: 4 | F9: 3 | G9: =E9*F9 -> 12 | H9: Mitigate | I9: CISO | J9: Not Started
A10: R009 | B10: Critical Systems | C10: No MFA on Login | D10: Admin/critical accounts accessible with password only | E10: 3 | F10: 4 | G10: =E10*F10 -> 12 | H10: Mitigate | I10: CTO | J10: Planned
A11: R010 | B11: Application | C11: Outdated Dependencies | D11: Old libraries with known vulnerabilities in codebase | E11: 4 | F11: 2 | G11: =E11*F11 -> 8 | H11: Mitigate | I11: Dev Team | J11: In Progress

Sheet Summary
A1: Risk Register Summary
A3: Company: | B3: TechCo Pvt Ltd
A4: Assessment Date: | B4: 2026-06-03
A6: Risk Metrics
A7: Risk Level | B7: Count | C7: Percentage
A8: Critical (21-25) | B8: =COUNTIFS('Risk Register'!G:G,">=21") -> 0
A9: High (13-20) | B9: =COUNTIFS('Risk Register'!G:G,">=13",'Risk Register'!G:G,"<=20") -> 3
A10: Medium (6-12) | B10: =COUNTIFS('Risk Register'!G:G,">=6",'Risk Register'!G:G,"<=12") -> 7
A11: Low (1-5) | B11: =COUNTIFS('Risk Register'!G:G,"<=5") -> 0
A13: Total Risks | B13: =COUNTA('Risk Register'!A:A)-1 -> 10
A15: Treatment Distribution
A16: Treatment Type | B16: Count
A17: Mitigate | B17: =COUNTIF('Risk Register'!H:H,"Mitigate") -> 9
A18: Accept | B18: =COUNTIF('Risk Register'!H:H,"Accept") -> 1
A19: Transfer | B19: =COUNTIF('Risk Register'!H:H,"Transfer") -> 0
A20: Avoid | B20: =COUNTIF('Risk Register'!H:H,"Avoid") -> 0
A22: Status Distribution
A23: Status | B23: Count
A24: Not Started | B24: =COUNTIF('Risk Register'!J:J,"Not Started") -> 4
A25: In Progress | B25: =COUNTIF('Risk Register'!J:J,"In Progress") -> 4
A26: Planned | B26: =COUNTIF('Risk Register'!J:J,"Planned") -> 1
A27: Monitored | B27: =COUNTIF('Risk Register'!J:J,"Monitored") -> 1
